{"cameraMode":{"drawMode":0,"name":"Shaded","section":"Shading Mode"},"sceneLighting":true,"audioPlay":false,"sceneViewState":{"showFog":true,"showMaterialUpdate":false,"showSkybox":true,"showFlares":true,"showImageEffects":true,"showParticleSystems":true,"showVisualEffectGraphs":true,"m_FxEnabled":true},"in2DMode":false,"pivot":{"x":-4.022992134094238,"y":4.301490783691406,"z":3.3839807510375978},"rotation":{"x":0.041970644146203998,"y":0.4736975431442261,"z":0.02260790392756462,"w":-0.8793965578079224},"size":12.461819648742676,"orthographic":false}